Greater Victoria 61  ,,,,,,,,,,Mount Douglas Secondary,,,
,,,,,Course Tally,,,,,,,,
,,,,2025-2026,,,,,,,,,
Page 1,,,,,,,,,,,,"April 29, 2025",
,Number,Description,Department,,,Lvl,Primary,Alternate,Total,,Enrollment Max,,Section Count
,ACAL-12---,AP CALCULUS AB 12 external credential,Mathematics,,,Regular,29,,29,,29,,1.0
,,,,,,,,0,,,,,
,ACSC-2A---,AP COMPUTER SCIENCE A 12,Information Tech,,,Regular,22,,22,,24,,1.0
,,,,,,,,0,,,,,
,AELC-12---,AP ENGLISH LITERATURE & COMPOSITION 12,English,,,Regular,24,,24,,24,,1.0
,,,,,,,,0,,,,,
,APHM-12---,AP PHYSICS C (MECHANICS) 12 external credential,Sciences,,,Regular,19,,23,,23,,1.0
,,,,,,,,4,,,,,
,ASTA-12---,AP STATISTICS 12,Mathematics,,,Regular,55,,62,,29,,1.0
,,,,,,,,7,,,,,
,MAC--11---,ACCOUNTING 11,Business Education,,,Regular,49,,80,,29,,3.0
,,,,,,,,31,,,,,
,MACC-12---,ACCOUNTING 12,Business Education,,,Regular,23,,32,,29,,3.0
,,,,,,,,9,,,,,
,MACLV11---,ACTIVE LIVING 11,Physical Education,,,Regular,19,,34,,29,,2.0
,,,,,,,,15,,,,,
,MACLV12---,ACTIVE LIVING 12,Physical Education,,,Regular,23,,36,,29,,2.0
,,,,,,,,13,,,,,
,MADD-09---,ADST - Drafting 9,Applied Skills,,,Regular,36,,66,,24,,3.0
,,,,,,,,30,,,,,
,MADEM10---,ADST – ENTREPRENEURSHIP AND MARKETING 10,Applied Skills,,,Regular,77,,150,,29,,3.0
,,,,,,,,73,,,,,
,MADER09---,ADST - Electronics and Robotics,Applied Skills,,,Regular,35,,73,,24,,3.0
,,,,,,,,38,,,,,
,MADGE09---,ADST 9 - General Explorations (Modules),Applied Skills,,,Regular,70,,104,,24,,6.0
,,,,,,,,34,,,,,
,MADIT09---,ADST-Information and Communications Technologies 9,Applied Skills,,,Regular,74,,92,,24,,3.0
,,,,,,,,18,,,,,
,MADT-09---,ADST - Textiles 9,Applied Skills,,,Regular,20,,36,,23,,3.0
,,,,,,,,16,,,,,
,MADW-09---,ADST - Woodwork 9,Applied Skills,,,Regular,28,,51,,21,,2.0
,,,,,,,,23,,,,,
Greater Victoria 61  ,,,,,,,,,,Mount Douglas Secondary,,,
,,,,,Course Tally,,,,,,,,
,,,,2025-2026,,,,,,,,,
Page 2,,,,,,,,,,,,"April 29, 2025",
,Number,Description,Department,,,Lvl,Primary,Alternate,Total,,Enrollment Max,,Section Count
,MATPH12---,ANATOMY AND PHYSIOLOGY 12,Science,,,Regular,105,,115,,23,,4.0
,,,,,,,,10,,,,,
,MBSP-11---,INTRODUCTORY SPANISH 11,Modern Languages,,,Regular,22,,30,,29,,2.0
,,,,,,,,8,,,,,
,MCALC12---,CALCULUS 12,Mathematics,,,Regular,74,,86,,29,,2.0
,,,,,,,,12,,,,,
,MCH--11---,CHEMISTRY 11,Science,,,Regular,172,,178,,23,,8.0
,,,,,,,,6,,,,,
,MCH--12---,CHEMISTRY 12,Science,,,Regular,118,,130,,23,,5.0
,,,,,,,,12,,,,,
,MCLC-12---,CAREER LIFE CONNECTIONS,Career Preparation,,,Regular,4,,4,,10,,1.0
,,,,,,,,0,,,,,
,MCLC-12--L,CAREER LIFE CONNECTIONS Linear,Career Preparation,,,Regular,201,,201,,300,,1.0
,,,,,,,,0,,,,,
,MCLE-10---,CAREER LIFE EDUCATION 10,Career Preparation,,,Regular,153,,154,,29,,5.0
,,,,,,,,1,,,,,
,MCLE-10--L,CAREER LIFE EDUCATION 10 Linear,Career Preparation,,,Regular,32,,32,,29,,1.0
,,,,,,,,0,,,,,
,MCMCC11--L,CHORAL MUSIC 11: CONCERT CHOIR Linear,Music,,,Regular,12,,12,,50,,1.0
,,,,,,,,0,,,,,
,MCMCL12---,COMPARATIVE CULTURES 12,Social Studies,,,Regular,32,,40,,24,,2.0
,,,,,,,,8,,,,,
,MCMPS10---,COMPOSITION 10,English,,,Regular,42,,42,,24,,2.0
,,,,,,,,0,,,,,
,MCMPS10C--,COMPOSITION 10 Challenge,English,,,Regular,45,,45,,24,,2.0
,,,,,,,,0,,,,,
,MCMPS11---,COMPOSITION 11,English,,,Regular,196,,196,,24,,8.0
,,,,,,,,0,,,,,
,MDCF-10---,DANCE FOUNDATIONS 10,Fine Arts,,,Regular,5,,9,,29,,1.0
,,,,,,,,4,,,,,
,MDCF-11---,DANCE FOUNDATIONS 11,Fine Arts,,,Regular,4,,7,,29,,1.0
,,,,,,,,3,,,,,
,MDCF-12---,DANCE FOUNDATIONS 12,Fine Arts,,,Regular,1,,5,,29,,1.0
,,,,,,,,4,,,,,
Greater Victoria 61  ,,,,,,,,,,Mount Douglas Secondary,,,
,,,,,Course Tally,,,,,,,,
,,,,2025-2026,,,,,,,,,
Page 3,,,,,,,,,,,,"April 29, 2025",
,Number,Description,Department,,,Lvl,Primary,Alternate,Total,,Enrollment Max,,Section Count
,MDMD-12D--,3D ANIMATION 12,Information Tech,,,Regular,22,,42,,24,,1.0
,,,,,,,,20,,,,,
,MDNC-09C-L,DANCE 9 Choreography Linear,Fine Arts,,,Regular,9,,9,,29,,1.0
,,,,,,,,0,,,,,
,MDNC-09F--,DANCE 9 Foundations,Fine Arts,,,Regular,15,,18,,29,,1.0
,,,,,,,,3,,,,,
,MDNC-09H--,DANCE 9 HIP HOP,Fine Arts,,,Regular,8,,12,,29,,1.0
,,,,,,,,4,,,,,
,MDNC-09M-L,DANCE 9 Company: Platform 61 Linear,Fine Arts,,,Regular,9,,9,,29,,1.0
,,,,,,,,0,,,,,
,MDNC-09PT-,DANCE 9 Performance and Technique,Fine Arts,,,Regular,3,,4,,29,,1.0
,,,,,,,,1,,,,,
,MDNC-10--L,DANCE 10: CHOREOGRAPHY Linear,Fine Arts,,,Regular,14,,14,,29,,1.0
,,,,,,,,0,,,,,
,MDNC-11--L,DANCE 11: CHOREOGRAPHY Linear,Fine Arts,,,Regular,15,,15,,29,,1.0
,,,,,,,,0,,,,,
,MDNC-12--L,DANCE 12: CHOREOGRAPHY Linear,Fine Arts,,,Regular,18,,18,,29,,1.0
,,,,,,,,0,,,,,
,MDNCM10--L,DANCE COMPANY 10 Linear,Fine Arts,,,Regular,13,,13,,29,,1.0
,,,,,,,,0,,,,,
,MDNCM11--L,DANCE COMPANY 11 Linear,Fine Arts,,,Regular,16,,16,,29,,1.0
,,,,,,,,0,,,,,
,MDNCM12--L,DANCE COMPANY 12 Linear,Fine Arts,,,Regular,18,,18,,29,,1.0
,,,,,,,,0,,,,,
,MDNCN11---,DANCE CONDITIONING 11,Fine Arts,,,Regular,5,,9,,29,,1.0
,,,,,,,,4,,,,,
,MDNCN12---,DANCE CONDITIONING 12,Fine Arts,,,Regular,5,,13,,29,,1.0
,,,,,,,,8,,,,,
,MDNTP10---,DANCE TECHNIQUE AND PERFORMANCE 10,Fine Arts,,,Regular,5,,6,,29,,1.0
,,,,,,,,1,,,,,
,MDNTP11---,DANCE TECHNIQUE AND PERFORMANCE 11,Fine Arts,,,Regular,8,,10,,29,,1.0
,,,,,,,,2,,,,,
,MDNTP12---,DANCE TECHNIQUE AND PERFORMANCE 12,Fine Arts,,,Regular,13,,13,,29,,1.0
,,,,,,,,0,,,,,
Greater Victoria 61  ,,,,,,,,,,Mount Douglas Secondary,,,
,,,,,Course Tally,,,,,,,,
,,,,2025-2026,,,,,,,,,
Page 4,,,,,,,,,,,,"April 29, 2025",
,Number,Description,Department,,,Lvl,Primary,Alternate,Total,,Enrollment Max,,Section Count
,MDR--09---,DRAMA 9,Fine Arts,,,Regular,13,,25,,29,,1.0
,,,,,,,,12,,,,,
,MDRM-10---,DRAMA 10,Fine Arts,,,Regular,15,,21,,29,,1.0
,,,,,,,,6,,,,,
,MDRM-11---,DRAMA 11,Fine Arts,,,Regular,20,,26,,29,,1.0
,,,,,,,,6,,,,,
,MDRM-12---,DRAMA 12,Fine Arts,,,Regular,18,,19,,29,,1.0
,,,,,,,,1,,,,,
,MEC--12---,ECONOMICS 12,Business Education,,,Regular,31,,48,,29,,1.0
,,,,,,,,17,,,,,
,MEFLS10---,EFP LITERARY STUDIES 10,English,,,Regular,1,,1,,24,,4.0
,,,,,,,,0,,,,,
,MEFWR10---,EFP WRITING 10,English,,,Regular,99,,99,,24,,4.0
,,,,,,,,0,,,,,
,MEN--09---,ENGLISH LANGUAGE ARTS 9,English,,,Regular,128,,128,,24,,5.0
,,,,,,,,0,,,,,
,MEN--09C--,ENGLISH LANGUAGE ARTS 9 CHALLENGE,English,,,Regular,45,,45,,24,,2.0
,,,,,,,,0,,,,,
,MEN--09E--,ENGLISH 9 FOR ELL,English,,,Regular,12,,12,,24,,1.0
,,,,,,,,0,,,,,
,MENFP12---,ENGLISH FIRST PEOPLES 12,English,,,Regular,73,,73,,24,,3.0
,,,,,,,,0,,,,,
,MENFP12--Y,ENGLISH FIRST PEOPLES 12 Year,English,,,Regular,20,,20,,24,,1.0
,,,,,,,,0,,,,,
,MENR-11---,ENGINEERING 11,Applied Skills,,,,17,,28,,24,,6.0
,,,,,,,,11,,,,,
,MENR-12---,ENGINEERING 12,Applied Skills,,,,22,,32,,24,,6.0
,,,,,,,,10,,,,,
,MENST12---,ENGLISH STUDIES 12,English,,,Regular,73,,73,,24,,3.0
,,,,,,,,0,,,,,
,MENST12C--,ENGLISH STUDIES 12 CHALLENGE,English,,,Regular,23,,23,,24,,1.0
,,,,,,,,0,,,,,
,MENT-12---,ENTREPRENEURSHIP 12,Business Education,,,Regular,25,,36,,29,,1.0
,,,,,,,,11,,,,,
Greater Victoria 61  ,,,,,,,,,,Mount Douglas Secondary,,,
,,,,,Course Tally,,,,,,,,
,,,,2025-2026,,,,,,,,,
Page 5,,,,,,,,,,,,"April 29, 2025",
,Number,Description,Department,,,Lvl,Primary,Alternate,Total,,Enrollment Max,,Section Count
,MEPSS11---,EXPLORATIONS IN SOCIAL STUDIES 11,Social Studies,,,Regular,64,,66,,24,,3.0
,,,,,,,,2,,,,,
,MEVSC11---,ENVIRONMENTAL SCIENCE 11,Science,,,Regular,35,,39,,23,,2.0
,,,,,,,,4,,,,,
,MEVSC12C--,ENVIRONMENTAL SCIENCE 12 - CLIMATE CHANGE,Science,,,Regular,29,,39,,23,,1.0
,,,,,,,,10,,,,,
,MFMP-10---,FOUNDATIONS OF MATH AND PRE-CALCULUS 10,Mathematics,,,Regular,107,,107,,29,,4.0
,,,,,,,,0,,,,,
,MFMP-10C--,FOUNDATIONS OF MATH AND PRE-CALCULUS 10 CHALLENGE,Mathematics,,,Regular,45,,45,,29,,2.0
,,,,,,,,0,,,,,
,MFMP-10H--,FOUNDATIONS OF MATH AND PRE-CALCULUS 10 HONOURS,Mathematics,,,Regular,30,,30,,29,,1.0
,,,,,,,,0,,,,,
,MFOM-11---,FOUNDATIONS OF MATHEMATICS 11,Mathematics,,,Regular,30,,31,,29,,1.0
,,,,,,,,1,,,,,
,MFOOD10---,ADST –  FOOD STUDIES 10,Applied Skills,,,Regular,91,,117,,23,,3.0
,,,,,,,,26,,,,,
,MFOOD11---,FOOD STUDIES 11,Applied Skills,,,Regular,68,,103,,23,,4.0
,,,,,,,,35,,,,,
,MFOOD12---,FOOD STUDIES 12,Applied Skills,,,Regular,61,,83,,23,,4.0
,,,,,,,,22,,,,,
,MFR--09---,FRENCH 9,Modern Languages,,,Regular,21,,30,,29,,2.0
,,,,,,,,9,,,,,
,MFR--10---,FRENCH 10,Modern Languages,,,Regular,23,,31,,29,,2.0
,,,,,,,,8,,,,,
,MFR--11---,FRENCH 11,Modern Languages,,,Regular,35,,40,,29,,2.0
,,,,,,,,5,,,,,
,MFR--12---,FRENCH 12,Modern Languages,,,Regular,14,,17,,29,,2.0
,,,,,,,,3,,,,,
,MFTCD11---,FITNESS AND CONDITIONING 11,Physical Education,,,Regular,6,,12,,29,,1.0
,,,,,,,,6,,,,,
,MFTCD12---,FITNESS AND CONDITIONING 12,Physical Education,,,Regular,16,,18,,29,,1.0
,,,,,,,,2,,,,,
,MGMT-12L--,GEOMETRY 12,Mathematics,,,Regular,26,,26,,29,,1.0
,,,,,,,,0,,,,,
Greater Victoria 61  ,,,,,,,,,,Mount Douglas Secondary,,,
,,,,,Course Tally,,,,,,,,
,,,,2025-2026,,,,,,,,,
Page 6,,,,,,,,,,,,"April 29, 2025",
,Number,Description,Department,,,Lvl,Primary,Alternate,Total,,Enrollment Max,,Section Count
,MGRPR11--L,GRAPHIC PRODUCTION 11 LINEAR,Applied Skills,,,Regular,10,,10,,50,,1.0
,,,,,,,,0,,,,,
,MGRPR12--L,GRAPHIC PRODUCTION 12 LINEAR,Applied Skills,,,Regular,9,,9,,50,,1.0
,,,,,,,,0,,,,,
,MIDS-0B---,INDEPENDENT DIRECTED STUDIES 10B,Personal Development,,,Regular,8,,11,,29,,1.0
,,,,,,,,3,,,,,
,MIDS-0C---,INDEPENDENT DIRECTED STUDIES 10C,Personal Development,,,Regular,19,,19,,50,,1.0
,,,,,,,,0,,,,,
,MIMCB11--L,INSTRUMENTAL MUSIC 11: CONCERT BAND LINEAR,Band,,,Regular,24,,25,,100,,1.0
,,,,,,,,1,,,,,
,MIMCB12--L,INSTRUMENTAL MUSIC 12: CONCERT BAND LINEAR,Band,,,Regular,12,,12,,100,,1.0
,,,,,,,,0,,,,,
,MIMG-12---,INSTRUMENTAL MUSIC 12: GUITAR,Music,,,Regular,10,,14,,29,,2.0
,,,,,,,,4,,,,,
,MIMJB11--L,INSTRUMENTAL MUSIC 11: JAZZ BAND LINEAR,Band,,,Regular,13,,13,,100,,2.0
,,,,,,,,0,,,,,
,MIMJB12--L,INSTRUMENTAL MUSIC 12: JAZZ BAND LINEAR,Band,,,Regular,6,,6,,100,,2.0
,,,,,,,,0,,,,,
,MINST12---,CONTEMPORARY INDIGENOUS STUDIES 12,Social Studies,,,Regular,44,,45,,24,,2.0
,,,,,,,,1,,,,,
,MINST12C--,CONTEMPORARY INDIGENOUS STUDIES 12 CHALLENGE,Social Studies,,,Regular,45,,45,,24,,2.0
,,,,,,,,0,,,,,
,MLFSC11---,LIFE SCIENCES 11,Science,,,Regular,82,,101,,23,,4.0
,,,,,,,,19,,,,,
,MLST-12---,LAW STUDIES 12,Social Studies,,,Regular,106,,124,,24,,4.0
,,,,,,,,18,,,,,
,MLTST11C--,LITERARY STUDIES 11 Challenge,English,,,Regular,45,,45,,24,,2.0
,,,,,,,,0,,,,,
,MLTST12---,LITERARY STUDIES 12,English,,,Regular,24,,24,,24,,1.0
,,,,,,,,0,,,,,
,MMA--09---,MATHEMATICS 9,Mathematics,,,Regular,105,,105,,29,,4.0
,,,,,,,,0,,,,,
,MMA--09C--,MATHEMATICS 9 CHALLENGE,Mathematics,,,Regular,45,,45,,29,,2.0
,,,,,,,,0,,,,,
Greater Victoria 61  ,,,,,,,,,,Mount Douglas Secondary,,,
,,,,,Course Tally,,,,,,,,
,,,,2025-2026,,,,,,,,,
Page 7,,,,,,,,,,,,"April 29, 2025",
,Number,Description,Department,,,Lvl,Primary,Alternate,Total,,Enrollment Max,,Section Count
,MMA--09H--,MATHEMATICS 9 HONOURS,Mathematics,,,Regular,30,,30,,29,,1.0
,,,,,,,,0,,,,,
,MMACS11---,COMPUTER SCIENCE 11,Mathematics,,,Regular,55,,65,,24,,2.0
,,,,,,,,10,,,,,
,MMACS12---,COMPUTER SCIENCE 12,Mathematics,,,Regular,44,,48,,24,,2.0
,,,,,,,,4,,,,,
,MMAP-11---,MARKETING AND PROMOTION 11,Applied Skills,,,Regular,30,,64,,29,,1.0
,,,,,,,,34,,,,,
,MMEDD10---,ADST – MEDIA DESIGN 10,Information Tech,,,Regular,21,,42,,24,,2.0
,,,,,,,,21,,,,,
,MMEDD11---,MEDIA DESIGN 11,Information Tech,,,Regular,7,,15,,24,,2.0
,,,,,,,,8,,,,,
,MMEDD12---,MEDIA DESIGN 12,Information Tech,,,Regular,8,,14,,24,,2.0
,,,,,,,,6,,,,,
,MMUCB10--L,INSTRUMENTAL MUSIC: CONCERT BAND 10 Linear,Music,,,Regular,40,,41,,100,,1.0
,,,,,,,,1,,,,,
,MMUCC10--L,CHORAL MUSIC: CONCERT CHOIR 10 Linear,Music,,,Regular,8,,8,,50,,1.0
,,,,,,,,0,,,,,
,MMUJB10--L,INSTRUMENTAL MUSIC: JAZZ BAND 10 Linear,Music,,,Regular,19,,19,,100,,1.0
,,,,,,,,0,,,,,
,MMUOR10S-L,INSTRUMENTAL MUSIC: ORCHESTRA 10 Strings LINEAR,Music,,,Regular,7,,7,,100,,1.0
,,,,,,,,0,,,,,
,MMUOR11S-L,INSTRUMENTAL MUSIC: ORCHESTRA 11 Strings Linear,Music,,,Regular,11,,11,,100,,1.0
,,,,,,,,0,,,,,
,MMUOR12S-L,INSTRUMENTAL MUSIC: ORCHESTRA 12 Strings Linear,Music,,,Regular,4,,4,,100,,1.0
,,,,,,,,0,,,,,
,MODED11---,OUTDOOR EDUCATION 11,Physical Education,,,Regular,5,,10,,29,,1.0
,,,,,,,,5,,,,,
,MODED12---,OUTDOOR EDUCATION 12,Physical Education,,,Regular,8,,15,,29,,1.0
,,,,,,,,7,,,,,
,MPGEO12---,PHYSICAL GEOGRAPHY 12,Social Studies,,,Regular,27,,31,,24,,1.0
,,,,,,,,4,,,,,
,MPH--11---,PHYSICS 11,Science,,,Regular,154,,166,,23,,7.0
,,,,,,,,12,,,,,
Greater Victoria 61  ,,,,,,,,,,Mount Douglas Secondary,,,
,,,,,Course Tally,,,,,,,,
,,,,2025-2026,,,,,,,,,
Page 8,,,,,,,,,,,,"April 29, 2025",
,Number,Description,Department,,,Lvl,Primary,Alternate,Total,,Enrollment Max,,Section Count
,MPH--12---,PHYSICS 12,Science,,,Regular,76,,90,,23,,3.0
,,,,,,,,14,,,,,
,MPHE-09---,PHYSICAL AND HEALTH EDUCATION 9,Physical Education,,,Regular,35,,35,,29,,2.0
,,,,,,,,0,,,,,
,MPHE-09--L,PHYSICAL AND HEALTH EDUCATION 9 Linear,Physical Education,,,Regular,32,,32,,29,,1.0
,,,,,,,,0,,,,,
,MPHE-09B--,PHYSICAL AND HEALTH EDUCATION 9 Boys,Physical Education,,,Regular,67,,67,,29,,5.0
,,,,,,,,0,,,,,
,MPHE-09G--,PHYSICAL AND HEALTH EDUCATION 9 Girls,Physical Education,,,Regular,51,,51,,29,,4.0
,,,,,,,,0,,,,,
,MPHE-09Y--,PHYSICAL AND HEALTH EDUCATION 9 Yoga for Mindfulns,Physical Education,,,Regular,12,,35,,29,,1.0
,,,,,,,,23,,,,,
,MPHED10---,PHYSICAL AND HEALTH EDUCATION 10,Physical Education,,,Regular,16,,16,,29,,2.0
,,,,,,,,0,,,,,
,MPHED10--L,PHYSICAL AND HEALTH EDUCATION 10 LINEAR,Physical Education,,,Regular,42,,42,,29,,2.0
,,,,,,,,0,,,,,
,MPHED10B--,PHYSICAL AND HEALTH EDUCATION 10 Boys,Physical Education,,,Regular,75,,75,,29,,5.0
,,,,,,,,0,,,,,
,MPHED10G--,PHYSICAL AND HEALTH EDUCATION 10 Girls,Physical Education,,,Regular,69,,69,,29,,4.0
,,,,,,,,0,,,,,
,MPREC11---,PRE-CALCULUS 11,Mathematics,,,Regular,183,,184,,29,,7.0
,,,,,,,,1,,,,,
,MPREC11H--,PRE-CALCULUS 11 HONOURS,Mathematics,,,Regular,30,,30,,29,,1.0
,,,,,,,,0,,,,,
,MPREC12---,PRE-CALCULUS 12,Mathematics,,,Regular,143,,154,,29,,5.0
,,,,,,,,11,,,,,
,MPREC12H--,PRE-CALCULUS 12 HONOURS,Mathematics,,,Regular,30,,30,,29,,1.0
,,,,,,,,0,,,,,
,MSC--09---,SCIENCE 9,Science,,,Regular,142,,142,,23,,6.0
,,,,,,,,0,,,,,
,MSC--09C--,SCIENCE 9: CHALLENGE,Science,,,Regular,45,,45,,23,,2.0
,,,,,,,,0,,,,,
,MSC--,SCIENCE 10,Science,,,Regular,167,,167,,23,,7.0
,,,,,,,,0,,,,,
Greater Victoria 61  ,,,,,,,,,,Mount Douglas Secondary,,,
,,,,,Course Tally,,,,,,,,
,,,,2025-2026,,,,,,,,,
Page 9,,,,,,,,,,,,"April 29, 2025",
,Number,Description,Department,,,Lvl,Primary,Alternate,Total,,Enrollment Max,,Section Count
,10---,,,,,,,,,,,,
,MSC--10C--,SCIENCE 10: CHALLENGE,Science,,,Regular,45,,45,,23,,2.0
,,,,,,,,0,,,,,
,MSJ--12---,SOCIAL JUSTICE 12,Social Studies,,,Regular,32,,41,,24,,1.0
,,,,,,,,9,,,,,
,MSP--09---,SPANISH 9,Modern Languages,,,Regular,37,,56,,29,,2.0
,,,,,,,,19,,,,,
,MSP--10---,SPANISH 10,Modern Languages,,,Regular,33,,41,,29,,1.0
,,,,,,,,8,,,,,
,MSP--11---,SPANISH 11,Modern Languages,,,Regular,27,,33,,29,,1.0
,,,,,,,,6,,,,,
,MSP--12---,SPANISH 12,Modern Languages,,,Regular,13,,16,,29,,1.0
,,,,,,,,3,,,,,
,MSPLG10---,SPOKEN LANGUAGE 10,English,,,Regular,30,,30,,24,,1.0
,,,,,,,,0,,,,,
,MSPLG11---,SPOKEN LANGUAGE 11,English,,,Regular,6,,6,,24,,1.0
,,,,,,,,0,,,,,
,MSS--09---,SOCIAL STUDIES 9,Social Studies,,,Regular,140,,140,,24,,6.0
,,,,,,,,0,,,,,
,MSS--09C--,SOCIAL STUDIES 9 CHALLENGE,Social Studies,,,Regular,45,,45,,24,,2.0
,,,,,,,,0,,,,,
,MSS--10---,SOCIAL STUDIES 10,Social Studies,,,Regular,161,,161,,24,,6.0
,,,,,,,,0,,,,,
,MSS--10C--,SOCIAL STUDIES 10 CHALLENGE,Social Studies,,,Regular,45,,45,,24,,2.0
,,,,,,,,0,,,,,
,MTAUT11---,AUTOMOTIVE TECHNOLOGY 11,Applied Skills,,,Regular,39,,57,,21,,3.0
,,,,,,,,18,,,,,
,MTAUT12---,AUTOMOTIVE TECHNOLOGY 12,Applied Skills,,,Regular,29,,40,,21,,3.0
,,,,,,,,11,,,,,
,MTDRF10---,ADST –  DRAFTING 10,Applied Skills,,,Regular,23,,44,,24,,3.0
,,,,,,,,21,,,,,
,MTDRF11---,DRAFTING 11,Applied Skills,,,Regular,11,,31,,24,,3.0
,,,,,,,,20,,,,,
Greater Victoria 61  ,,,,,,,,,,Mount Douglas Secondary,,,
,,,,,Course Tally,,,,,,,,
,,,,2025-2026,,,,,,,,,
Page 10,,,,,,,,,,,,"April 29, 2025",
,Number,Description,Department,,,Lvl,Primary,Alternate,Total,,Enrollment Max,,Section Count
,MTDRF12---,DRAFTING 12,Applied Skills,,,Regular,13,,21,,24,,3.0
,,,,,,,,8,,,,,
,MTEAR10---,ADST –  ELECTRONICS AND ROBOTICS 10,Applied Skills,,,Regular,10,,23,,24,,2.0
,,,,,,,,13,,,,,
,MTEAR10--L,ADST –  ELECTRONICS AND ROBOTICS 10 Linear,Applied Skills,,,Regular,5,,5,,24,,1.0
,,,,,,,,0,,,,,
,MTEXP10---,ADST-Technology Explorations 10,Information Tech,,,,31,,56,,24,,6.0
,,,,,,,,25,,,,,
,MTPOW10---,ADST –  POWER TECHNOLOGY 10,Applied Skills,,,Regular,28,,41,,21,,2.0
,,,,,,,,13,,,,,
,MTROB11---,ROBOTICS 11,Applied Skills,,,Regular,7,,13,,24,,3.0
,,,,,,,,6,,,,,
,MTROB11--L,ROBOTICS 11 LINEAR,Applied Skills,,,Regular,10,,10,,24,,1.0
,,,,,,,,0,,,,,
,MTROB12---,ROBOTICS 12,Applied Skills,,,Regular,3,,10,,24,,2.0
,,,,,,,,7,,,,,
,MTROB12--L,ROBOTICS 12 LINEAR,Applied Skills,,,Regular,6,,6,,24,,1.0
,,,,,,,,0,,,,,
,MTXT-10---,TEXTILES 10,Applied Skills,,,Regular,18,,41,,23,,3.0
,,,,,,,,23,,,,,
,MTXT-11---,TEXTILES 11,Applied Skills,,,Regular,10,,17,,23,,3.0
,,,,,,,,7,,,,,
,MTXT-12---,TEXTILES 12,Applied Skills,,,Regular,31,,39,,23,,3.0
,,,,,,,,8,,,,,
,MVA--09---,VISUAL ARTS 9,Fine Arts,,,Regular,25,,46,,29,,2.0
,,,,,,,,21,,,,,
,MVAPH10---,VISUAL ARTS: PHOTOGRAPHY 10,Fine Arts,,,Regular,25,,51,,24,,2.0
,,,,,,,,26,,,,,
,MVAPH11---,PHOTOGRAPHY 11,Fine Arts,,,Regular,20,,35,,24,,2.0
,,,,,,,,15,,,,,
,MVAPH12---,PHOTOGRAPHY 12,Fine Arts,,,Regular,7,,16,,24,,2.0
,,,,,,,,9,,,,,
,MVAST10---,VISUAL ARTS: ART STUDIO 10,Fine Arts,,,Regular,16,,28,,29,,2.0
,,,,,,,,12,,,,,
Greater Victoria 61  ,,,,,,,,,,Mount Douglas Secondary,,,
,,,,,Course Tally,,,,,,,,
,,,,2025-2026,,,,,,,,,
Page 11,,,,,,,,,,,,"April 29, 2025",
,Number,Description,Department,,,Lvl,Primary,Alternate,Total,,Enrollment Max,,Section Count
,MVAST11---,ART STUDIO 11,Fine Arts,,,Regular,8,,22,,29,,2.0
,,,,,,,,14,,,,,
,MVAST12---,ART STUDIO 12,Fine Arts,,,Regular,9,,16,,29,,2.0
,,,,,,,,7,,,,,
,MWBDV10IT-,Information and Communications Technologies 10,Information Tech,,,,16,,24,,24,,2.0
,,,,,,,,8,,,,,
,MWEX-2A--L,WORK EXPERIENCE 12A LINEAR,Career Prep,,,Regular,17,,17,,29,,1.0
,,,,,,,,0,,,,,
,MWEX-2B--L,WORK EXPERIENCE 12B LINEAR,Career Prep,,,Regular,4,,4,,29,,1.0
,,,,,,,,0,,,,,
,MWH--12---,20th CENTURY WORLD HISTORY 12,Social Studies,,,,35,,44,,24,,2.0
,,,,,,,,9,,,,,
,MWPM-10---,WORKPLACE MATHEMATICS 10,Mathematics,,,Regular,27,,27,,29,,1.0
,,,,,,,,0,,,,,
,MWPM-11---,WORKPLACE MATHEMATICS 11,Mathematics,,,Regular,24,,24,,29,,1.0
,,,,,,,,0,,,,,
,MWWK-10---,ADST –  WOODWORK 10,Applied Skills,,,Regular,17,,39,,21,,2.0
,,,,,,,,22,,,,,
,MWWK-11---,WOODWORK 11,Applied Skills,,,Regular,19,,28,,21,,2.0
,,,,,,,,9,,,,,
,MWWK-12---,WOODWORK 12,Applied Skills,,,Regular,20,,26,,21,,2.0
,,,,,,,,6,,,,,
,XBA--09C-L,CONCERT BAND 9 Linear,Band,,,Regular,31,,37,,100,,1.0
,,,,,,,,6,,,,,
,XBA--09G--,CONCERT BAND 9 - Guitar,Band,,,Regular,24,,46,,29,,1.0
,,,,,,,,22,,,,,
,XBA--09J-L,JAZZ BAND 9 LINEAR,Music,,,Regular,16,,16,,100,,1.0
,,,,,,,,0,,,,,
,XC---09--L,CONCERT CHOIR 9 Linear,Music,,,Regular,10,,10,,50,,1.0
,,,,,,,,0,,,,,
,XLDCB09LS-,LEARNING STRATEGIES 9 LD,Personal Development,,,Regular,10,,14,,18,,14.0
,,,,,,,,4,,,,,
,XLDCB0,LEARNING STRATEGIES 9 LD ,Personal ,,,Regular,1,,1,,29,,2.0
,,,,,,,,0,,,,,
Greater Victoria 61  ,,,,,,,,,,Mount Douglas Secondary,,,
,,,,,Course Tally,,,,,,,,
,,,,2025-2026,,,,,,,,,
Page 12,,,,,,,,,,,,"April 29, 2025",
,Number,Description,Department,,,Lvl,Primary,Alternate,Total,,Enrollment Max,,Section Count
,9LSL,LINEAR,Development,,,,,,,,,,
,XLDCB09M--,TECH ED 9: MECHANICS LD,Technology Education,,,Regular,28,,53,,21,,2.0
,,,,,,,,25,,,,,
,XLDCB09S-L,STRINGS 9 LINEAR,Band,,,Regular,8,,8,,100,,1.0
,,,,,,,,0,,,,,
,XLDCE09NM-,NUMERACY 9,Mathematics,,,Regular,9,,9,,20,,1.0
,,,,,,,,0,,,,,
,XSC--12---,IEP SCIENCE 12,Science,,,Regular,1,,1,,0,,0.0
,,,,,,,,0,,,,,
,YCPA-0AX-L,COMMUNITY LEADERSHIP 10 Linear,Personal Development,,,Regular,22,,22,,200,,1.0
,,,,,,,,0,,,,,
,YCPA-0AXE-,COMMUNITY LEADERSHIP 10,Personal Development,,,Regular,17,,17,,60,,1.0
,,,,,,,,0,,,,,
,YCPA-1AX-L,COMMUNITY LEADERSHIP 11 Linear,Personal Development,,,Regular,36,,37,,200,,1.0
,,,,,,,,1,,,,,
,YCPA-1AXE-,COMMUNITY LEADERSHIP 11,Personal Development,,,Regular,15,,15,,60,,1.0
,,,,,,,,0,,,,,
,YCPA-2AX-L,COMMUNITY LEADERSHIP 12 Linear,Personal Development,,,Regular,30,,30,,200,,1.0
,,,,,,,,0,,,,,
,YCPA-2AXE-,COMMUNITY LEADERSHIP 12,Personal Development,,,Regular,21,,21,,60,,1.0
,,,,,,,,0,,,,,
,YED--0AX--,LEARNING STRATEGIES 10,Applied Skills,,,Regular,10,,14,,20,,14.0
,,,,,,,,4,,,,,
,YED--0AX-L,LEARNING STRATEGIES 10 LINEAR,Applied Skills,,,Regular,4,,4,,20,,1.0
,,,,,,,,0,,,,,
,YED--0BX-L,PEER TUTORING 10 LINEAR,Personal Development,,,Regular,12,,12,,50,,1.0
,,,,,,,,0,,,,,
,YED--1DX--,LEARNING STRATEGIES 11,Applied Skills,,,Regular,12,,13,,20,,14.0
,,,,,,,,1,,,,,
,YED--1DX-L,LEARNING STRATEGIES 11 LINEAR,Applied Skills,,,Regular,9,,9,,20,,3.0
,,,,,,,,0,,,,,
,YED--1EX-L,PEER TUTORING 11 LINEAR,Personal Development,,,Regular,16,,16,,50,,1.0
,,,,,,,,0,,,,,
Greater Victoria 61  ,,,,,,,,,,Mount Douglas Secondary,,,
,,,,,Course Tally,,,,,,,,
,,,,2025-2026,,,,,,,,,
Page 13,,,,,,,,,,,,"April 29, 2025",
,Number,Description,Department,,,Lvl,Primary,Alternate,Total,,Enrollment Max,,Section Count
,YED--2CX--,LEARNING STRATEGIES 12,Applied Skills,,,Regular,23,,23,,20,,14.0
,,,,,,,,0,,,,,
,YED--2CX-L,LEARNING STRATEGIES 12 LINEAR,Applied Skills,,,Regular,1,,1,,20,,2.0
,,,,,,,,0,,,,,
,YED--2DX-L,PEER TUTORING 12 LINEAR,Personal Development,,,Regular,10,,10,,50,,1.0
,,,,,,,,0,,,,,
,YED--2FX-L,SCHOLARSHIP PREPARATION 12 LINEAR,Applied Skills,,,Regular,56,,56,,100,,1.0
,,,,,,,,0,,,,,
,YESFL1AX--,Intermediate ELL 11,English,,,Regular,0,,4,,20,,1.0
,,,,,,,,4,,,,,
,YESFL1CX--,ELL Academic Literacy 11,English,,,Regular,14,,14,,24,,1.0
,,,,,,,,0,,,,,
,YLAW-2CX--,CRIMINOLOGY 12,Social Studies,,,Regular,52,,110,,24,,3.0
,,,,,,,,58,,,,,
,YLRA-0AX-L,ATHLETIC LEADERSHIP 10 U16,Physical Education,,,Regular,21,,21,,100,,1.0
,,,,,,,,0,,,,,
,YLRA-1AX-L,ATHLETIC LEADERSHIP 11 Linear,Personal Development,,,Regular,19,,20,,100,,1.0
,,,,,,,,1,,,,,
,YLRA-2AX-L,ATHLETIC LEADERSHIP 12 Linear,Personal Development,,,Regular,9,,9,,100,,1.0
,,,,,,,,0,,,,,
,YPA--0CX--,YOGA FOR MINDFULNESS 10,Personal Development,,,Regular,11,,26,,29,,1.0
,,,,,,,,15,,,,,
,YPA--1CX--,YOGA FOR MINDFULNESS 11,Personal Development,,,Regular,3,,13,,29,,1.0
,,,,,,,,10,,,,,
,YPA--2CX--,YOGA FOR MINDFULNESS 12,Personal Development,,,Regular,7,,17,,29,,1.0
,,,,,,,,10,,,,,
,YPR--0BX--,OUTDOOR EDUCATION 10,Physical Education,,,Regular,9,,19,,29,,1.0
,,,,,,,,10,,,,,
,YPSYC1AX--,PSYCHOLOGY 11,Personal Development,,,Regular,52,,82,,24,,2.0
,,,,,,,,30,,,,,
